{
    "swagger": "2.0",
    "info": {
        "title": "Upload to Object Storage",
        "x-vb": {
            "dt-serviceAuthentication": {
                "type": "direct",
                "anonymousAuthentication": {
                    "type": "direct"
                }
            },
            "dt-wizardType": "rest"
        },
        "version": "1.0.0"
    },
    "schemes": [
        "https"
    ],
    "host": "objectstorage.eu-frankfurt-1.oraclecloud.com",
    "basePath": "/p/vchuwYQVVZ2rHVHT9jDommvYuWAjB-iuWZshvnbVGZA/n/cloudstarscee/b/clouddemo-public",
    "paths": {
        "/o/{fileName}": {
            "put": {
                "operationId": "putOFileName",
                "consumes": [
                    "binary/octet-stream"
                ],
                "parameters": [
                    {
                        "name": "fileName",
                        "in": "path",
                        "type": "string",
                        "required": true
                    }
                ],
                "produces": [
                    "application/json"
                ],
                "responses": {
                    "default": {
                        "description": "The content returned by the server."
                    }
                },
                "x-vb-actionHint": "create"
            }
        }
    }
}