{"swagger":"2.0","info":{"x-vb":{"servers":[{"url":"https://objectstorage.eu-frankfurt-1.oraclecloud.com/p/vchuwYQVVZ2rHVHT9jDommvYuWAjB-iuWZshvnbVGZA/n/cloudstarscee/b/clouddemo-public","description":"VBCS direct url"}]},"title":"Upload to Object Storage","version":"1.0.0"},"schemes":["https"],"host":"objectstorage.eu-frankfurt-1.oraclecloud.com","basePath":"/p/vchuwYQVVZ2rHVHT9jDommvYuWAjB-iuWZshvnbVGZA/n/cloudstarscee/b/clouddemo-public","paths":{"/o/{fileName}":{"put":{"operationId":"putOFileName","consumes":["binary/octet-stream"],"parameters":[{"name":"fileName","in":"path","type":"string","required":true}],"produces":["application/json"],"responses":{"default":{}},"x-vb-actionHint":"create"}}}}