{"swagger":"2.0","info":{"x-vb":{"servers":[{"url":"http://ng.clouddemo.ru/api/v1","description":"VBCS direct url"}]},"title":"Api V1","version":"1.0.0"},"schemes":["http"],"host":"ng.clouddemo.ru","basePath":"/api/v1","paths":{"/list":{"get":{"operationId":"getList","parameters":[{"name":"token","in":"query","type":"string","required":true,"x-vb-defaultValue":"ca00bda0-1ac0-462a-af2a-47a4d4a34db8"}],"produces":["application/json","application/json"],"responses":{"default":{},"x-vb":{"inferred":{"default":true}}},"x-vb-actionHint":"retrieveMany"}},"/upload":{"post":{"operationId":"postUpload","consumes":["application/json"],"parameters":[{"x-vb":{"examples":{"application/json":"{\"data\":{\"resourceName\":\"9892ad14-8b3b-486f-8a53-449b6ab30c9d_paas-iaas-universal-credits-3940775_Page_008.png\"}}"},"inferred":true},"name":"body","in":"body"}],"produces":["application/json"],"responses":{"default":{}},"x-vb-actionHint":"create"}},"/wordcloud":{"get":{"operationId":"getWordcloud","parameters":[{"name":"token","in":"query","type":"string","required":true,"x-vb-defaultValue":"2024daa8-65fa-40d6-9bf9-72307cb6a050"}],"produces":["application/json"],"responses":{"default":{},"x-vb":{"inferred":{"default":true}}},"x-vb-actionHint":"retrieveOne"}}}}