{"pageModelVersion":"19.3.1","title":"Oracle Cloud Demo VB Application","description":"","variables":{"token":{"type":"string"},"fileName":{"type":"string"},"getListListSDP":{"type":"vb/ServiceDataProvider","defaultValue":{"endpoint":"apiV1/getList","responseType":"getList","uriParameters":{"token":"{{ $variables.token }}"}}},"postListListSDP":{"type":"vb/ServiceDataProvider","defaultValue":{"endpoint":"apiV1/postList","idAttribute":"ID","itemsPath":"","responseType":"page:postListResponse"}},"fileLink":{"type":"string"},"wordcloudLink":{"type":"string","input":"none"},"apihost":{"type":"string","defaultValue":"https://ng.clouddemo.ru","persisted":"none"},"getListListSDP2":{"type":"vb/ServiceDataProvider","defaultValue":{"endpoint":"apiV1/getList","idAttribute":"ID","itemsPath":"","responseType":"page:getListResponse9","uriParameters":{"token":"{{ $variables.token }}"}}}},"metadata":{},"types":{"getListResponse":[{"ID":"number","LINK":"string","TEXT":"string"}],"@decorators.getListResponse":{"endpoint":"getList","service":"api","path":"response"},"getListResponse2":[{"ID":"number","LINK":"string","TEXT":"string"}],"@decorators.getListResponse2":{"endpoint":"getList","service":"api","path":"response"},"getListResponse3":[{"ID":"number","LINK":"string","TEXT":"string"}],"@decorators.getListResponse3":{"endpoint":"getList","service":"api","path":"response"},"getListResponse4":[{"ID":"number","LINK":"string","TEXT":"string"}],"@decorators.getListResponse4":{"endpoint":"getList","service":"api","path":"response"},"getListResponse5":[{"ID":"number","LINK":"string","TEXT":"string"}],"@decorators.getListResponse5":{"endpoint":"getList","service":"api","path":"response"},"postListResponse":[{"DURATION":"number","HOSTNAME":"string","ID":"number","LINK":"string","TEXT":"string"}],"@decorators.postListResponse":{"endpoint":"postList","service":"apiV1","path":"response"},"getListResponse6":[{"DURATION":"number","HOSTNAME":"string","ID":"number","LINK":"string","TEXT":"string"}],"@decorators.getListResponse6":{"endpoint":"getList","service":"apiV1","path":"response"},"getListResponse7":[{"DURATION":"number","HOSTNAME":"string","ID":"number","IPADDR":"any","LINK":"string","TEXT":"string"}],"@decorators.getListResponse7":{"endpoint":"getList","service":"apiV1","path":"response"},"getListResponse8":[{"DURATION":"number","HOSTNAME":"string","ID":"number","IPADDR":"any","LINK":"string","TEXT":"string"}],"@decorators.getListResponse8":{"endpoint":"getList","service":"apiV1","path":"response"},"getWordcloudResponse":[{"url":"string"}],"@decorators.getWordcloudResponse":{"endpoint":"getWordcloud","service":"apiV1","path":"response"},"getWordcloudResponse2":[{"url":"string"}],"@decorators.getWordcloudResponse2":{"endpoint":"getWordcloud","service":"apiV1","path":"response"},"getWordcloudResponse3":[{"ID":"number","url":"string"}],"@decorators.getWordcloudResponse3":{"endpoint":"getWordcloud","service":"apiV1","path":"response"},"getWordcloudResponse4":[{"ID":"number","url":"string"}],"@decorators.getWordcloudResponse4":{"endpoint":"getWordcloud","service":"apiV1","path":"response"},"getWordcloudResponse5":[{"ID":"number","url":"string"}],"@decorators.getWordcloudResponse5":{"endpoint":"getWordcloud","service":"apiV1","path":"response"},"@decorators.getWordcloud":{"endpoint":"getWordcloud","service":"apiV1","path":"response"},"getWordcloud":{"url":"string"},"@decorators.getWordcloud1":{"endpoint":"getWordcloud","service":"apiV1","path":"response"},"getWordcloud1":{"ID":"number","url":"string"},"@decorators.getList":{"endpoint":"getList","service":"apiV1","path":"response"},"getList":{"DURATION":"number","FILENAME":"string","HOSTNAME":"string","ID":"number","IPADDR":"any","LINK":"string","TEXT":"string"},"getListResponse9":[{"DURATION":"number","FILENAME":"string","HOSTNAME":"string","ID":"number","IPADDR":"any","LINK":"string","TEXT":"string"}],"@decorators.getListResponse9":{"endpoint":"getList","service":"apiV1","path":"response"}},"chains":{"FilePickerSelectChain":{"description":"","variables":{"detail":{"required":true,"type":"any","input":"fromCaller"},"chainFileName":{"type":"string"}},"root":"assignVariables3","actions":{"callRestEndpoint1":{"module":"vb/action/builtin/restAction","parameters":{"endpoint":"apiV1/putUploadFilenameFilename","uriParams":{"fileName":"{{ $page.variables.fileName }}","token":"{{ $page.variables.token }}"},"body":"{{ $chain.variables.detail.files[0] }}"},"outcomes":{"success":"jsonFileName","failure":"fireNotification3"}},"callModuleFunction1":{"module":"vb/action/builtin/callModuleFunctionAction","parameters":{"module":"[[ $page.functions ]]","functionName":"checkCookies","returnType":"string"},"outcomes":{"success":"assignVariables1"}},"assignVariables3":{"module":"vb/action/builtin/assignVariablesAction","outcomes":{"success":"assignVariables2"},"parameters":{"$page.variables.fileName":{"source":"{{ $chain.variables.detail.files[0].name }}"}}},"assignVariables1":{"module":"vb/action/builtin/assignVariablesAction","parameters":{"$page.variables.token":{"source":"{{ $chain.results.callModuleFunction1 }}"}},"outcomes":{"success":"callRestEndpoint1"}},"jsonFileName":{"module":"vb/action/builtin/callModuleFunctionAction","parameters":{"module":"[[ $page.functions ]]","functionName":"filenameToJson","params":["{{ $page.variables.fileName }}"]},"outcomes":{"success":"callActionChain1"}},"callActionChain1":{"module":"vb/action/builtin/callChainAction","parameters":{"id":"RefreshButtonActionChain","params":{"detail":"{{ $chain.variables.detail }}"}},"outcomes":{"success":"fireNotification2"}},"callActionChain2":{"module":"vb/action/builtin/callChainAction","parameters":{"id":"RefreshButtonActionChain","params":{"detail":"{{ $chain.variables.detail }}"}},"outcomes":{"success":"fireNotification1"}},"fireNotification1":{"module":"vb/action/builtin/fireNotificationEventAction","parameters":{"summary":"Error processing image.","displayMode":"transient","message":"[[ $chain.variables.chainFileName ]]","type":"warning"}},"fireNotification2":{"module":"vb/action/builtin/fireNotificationEventAction","parameters":{"type":"confirmation","summary":"Image processing complete.","message":"[[ $chain.variables.chainFileName ]]","displayMode":"transient"}},"fireNotification3":{"module":"vb/action/builtin/fireNotificationEventAction","parameters":{"displayMode":"transient","type":"warning","summary":"Uploading failed.","message":"[[ $chain.variables.chainFileName ]]"},"outcomes":{"success":"callActionChain2"}},"assignVariables2":{"module":"vb/action/builtin/assignVariablesAction","parameters":{"$chain.variables.chainFileName":{"source":"{{ $page.variables.fileName }}"}},"outcomes":{"success":"callModuleFunction1"}}},"returnType":"string"},"Startup":{"root":"callActionChain1","description":"","actions":{"callActionChain1":{"module":"vb/action/builtin/callChainAction","parameters":{"id":"CheckTokenActionChain"},"outcomes":{"success":"callActionChain2"}},"callActionChain2":{"module":"vb/action/builtin/callChainAction","parameters":{"id":"RefreshImageChain"}}}},"CheckTokenActionChain":{"root":"checkTokenFunction","description":"","actions":{"assignVariables1":{"module":"vb/action/builtin/assignVariablesAction","parameters":{"$page.variables.token":{"source":"{{ $chain.results.checkTokenFunction }}"}}},"checkTokenFunction":{"module":"vb/action/builtin/callModuleFunctionAction","parameters":{"module":"[[ $page.functions ]]","functionName":"checkCookies","returnType":"string"},"outcomes":{"success":"assignVariables1"}}}},"RefreshButtonActionChain":{"description":"","variables":{"detail":{"required":true,"type":"any","input":"fromCaller"}},"root":"callActionChain1","actions":{"callComponentMethod1":{"module":"vb/action/builtin/callComponentMethodAction","parameters":{"component":"{{ document.getElementById('oj-list-view-1651458888-1') }}","method":"refresh"},"outcomes":{"success":"callActionChain2"}},"callActionChain1":{"module":"vb/action/builtin/callChainAction","parameters":{"id":"CheckTokenActionChain"},"outcomes":{"success":"callComponentMethod1"}},"callActionChain2":{"module":"vb/action/builtin/callChainAction","parameters":{"id":"RefreshImageChain"}}}},"ImageClickChain":{"description":"","variables":{"detail":{"required":true,"type":"any","input":"fromCaller"},"key":{"required":true,"type":"any","input":"fromCaller"},"current":{"required":true,"type":"any","input":"fromCaller"}},"root":"openUrl1","actions":{"openUrl1":{"module":"vb/action/builtin/openUrlAction","parameters":{"url":"[[ $chain.variables.current.data.LINK ]]"}}}},"RefreshImageChain":{"root":"callRestEndpoint1","description":"","actions":{"assignVariables1":{"module":"vb/action/builtin/assignVariablesAction","parameters":{"$page.variables.wordcloudLink":{"source":"{{ $chain.results.callRestEndpoint1.body[0].url }}"}}},"callRestEndpoint1":{"module":"vb/action/builtin/restAction","parameters":{"endpoint":"apiV1/getWordcloud","uriParams":{"token":"{{ $page.variables.token }}"},"responseBodyFormat":"json"},"outcomes":{"success":"assignVariables1","failure":"assignVariables1"}}}},"ImageClickChain1":{"description":"","variables":{"detail":{"required":true,"type":"any","input":"fromCaller"}},"root":"openUrl1","actions":{"openUrl1":{"module":"vb/action/builtin/openUrlAction","parameters":{"url":"[[ $page.variables.wordcloudLink ]]"}}}},"ClearButtonActionChain":{"description":"","variables":{"detail":{"required":true,"type":"any","input":"fromCaller"}},"root":"callModuleFunction1","actions":{"callModuleFunction1":{"module":"vb/action/builtin/callModuleFunctionAction","parameters":{"module":"[[ $page.functions ]]","functionName":"setCookie","params":["clouddemo.v2.token",null,"30"]},"outcomes":{"success":"callActionChain1"}},"callActionChain1":{"module":"vb/action/builtin/callChainAction","parameters":{"id":"RefreshButtonActionChain","params":{"detail":"{{ $chain.variables.detail }}"}}}}},"ClearDialogPopupChain":{"description":"","variables":{"detail":{"required":true,"type":"any","input":"fromCaller"}},"root":"callComponentMethod1","actions":{"callComponentMethod1":{"module":"vb/action/builtin/callComponentMethodAction","parameters":{"component":"{{ document.getElementById('oj-dialog-1651458888-1') }}","method":"open"}}}},"ButtonActionChain":{"description":"","variables":{"detail":{"required":true,"type":"any","input":"fromCaller"}},"root":"callActionChain1","actions":{"callActionChain1":{"module":"vb/action/builtin/callChainAction","parameters":{"id":"ClearButtonActionChain","params":{"detail":"{{ $chain.variables.detail }}"}},"outcomes":{"success":"callComponentMethod1"}},"callComponentMethod1":{"module":"vb/action/builtin/callComponentMethodAction","parameters":{"component":"{{ document.getElementById('oj-dialog-1651458888-1') }}","method":"close"}}}},"ButtonActionChain1":{"description":"","variables":{"detail":{"required":true,"type":"any","input":"fromCaller"}},"root":"callComponentMethod1","actions":{"callComponentMethod1":{"module":"vb/action/builtin/callComponentMethodAction","parameters":{"component":"{{ document.getElementById('oj-dialog-1651458888-1') }}","method":"close"}}}},"ButtonActionChain2":{"description":"","variables":{"detail":{"required":true,"type":"any","input":"fromCaller"}},"root":"","actions":{}}},"eventListeners":{"ojFilePicker10845910171OjSelect":{"chains":[{"chainId":"FilePickerSelectChain","parameters":{"detail":"{{ $event.detail }}"}}]},"ojButton16514588881OjAction":{"chains":[{"chainId":"RefreshButtonActionChain","parameters":{"detail":"{{ $event.detail }}"}}]},"vbEnter":{"chains":[{"chainId":"Startup","parameters":{}}]},"img16514588881Click":{"chains":[{"chainId":"ImageClickChain","parameters":{"detail":"{{ $event.detail }}","key":"{{ $current.key }}","current":"{{ $current }}"}}]},"img16514588882Click":{"chains":[{"chainId":"ImageClickChain1","parameters":{"detail":"{{ $event.detail }}"}}]},"OJBUTTON16514588881OjAction":{"chains":[{"chainId":"ButtonActionChain","parameters":{"detail":"{{ $event.detail }}"}}]},"ojButton16514588882OjAction":{"chains":[{"chainId":"ClearDialogPopupChain","parameters":{"detail":"{{ $event.detail }}"}}]},"ojButton16514588883OjAction":{"chains":[{"chainId":"ButtonActionChain1","parameters":{"detail":"{{ $event.detail }}"}}]},"img16514588883Click":{"chains":[{"chainId":"ImageClickChain","parameters":{"detail":"{{ $event.detail }}","key":"{{ $current.key }}","current":"{{ $current }}"}}]}},"imports":{"components":{"oj-file-picker":{"path":"ojs/ojfilepicker"},"oj-text-area":{"path":"ojs/ojinputtext"},"oj-button":{"path":"ojs/ojbutton"},"oj-list-view":{"path":"ojs/ojlistview"},"oj-dialog":{"path":"ojs/ojdialog"},"oj-label":{"path":"ojs/ojlabel"}}}}